{
	"parent": "item/handheld",
	"textures": {
		"layer0": "item/globe_banner_pattern"
	},
	
	"overrides": [
		{"predicate": {"custom_model_data":1}, "model": "item/globe_banner_pattern/velocidad"},
		{"predicate": {"custom_model_data":2}, "model": "item/globe_banner_pattern/invisibilidad"},
		{"predicate": {"custom_model_data":3}, "model": "item/globe_banner_pattern/vision_nocturna"},
		{"predicate": {"custom_model_data":4}, "model": "item/globe_banner_pattern/fuego"},
		{"predicate": {"custom_model_data":5}, "model": "item/globe_banner_pattern/curacion"},
		{"predicate": {"custom_model_data":6}, "model": "item/globe_banner_pattern/resistencia"},
		{"predicate": {"custom_model_data":9}, "model": "item/globe_banner_pattern/submarino"}
	]
}