{
	"credit": "Made with Blockbench",
	"textures": {
		"0": "item/globe_banner_pattern/resistencia",
		"particle": "item/globe_banner_pattern/resistencia"
	},
	"elements": [
		{
			"name": "resistencia_0",
			"from": [4, 9, 0],
			"to": [9, 15, 1],
			"faces": {
				"north": {"uv": [9, 1, 4, 7], "texture": "#0"},
				"east": {"uv": [8, 1, 9, 7], "texture": "#0"},
				"south": {"uv": [4, 1, 9, 7], "texture": "#0"},
				"west": {"uv": [4, 1, 5, 7], "texture": "#0"},
				"up": {"uv": [4, 1, 9, 2], "texture": "#0"},
				"down": {"uv": [4, 6, 9, 7], "texture": "#0"}
			}
		},
		{
			"name": "resistencia_1",
			"from": [10, 1, 0],
			"to": [13, 15, 1],
			"faces": {
				"north": {"uv": [13, 1, 10, 15], "texture": "#0"},
				"east": {"uv": [12, 1, 13, 15], "texture": "#0"},
				"south": {"uv": [10, 1, 13, 15], "texture": "#0"},
				"west": {"uv": [10, 1, 11, 15], "texture": "#0"},
				"up": {"uv": [10, 1, 13, 2], "texture": "#0"},
				"down": {"uv": [10, 14, 13, 15], "texture": "#0"}
			}
		},
		{
			"name": "resistencia_2",
			"from": [3, 9, 0],
			"to": [4, 14, 1],
			"faces": {
				"north": {"uv": [4, 2, 3, 7], "texture": "#0"},
				"east": {"uv": [3, 2, 4, 7], "texture": "#0"},
				"south": {"uv": [3, 2, 4, 7], "texture": "#0"},
				"west": {"uv": [3, 2, 4, 7], "texture": "#0"},
				"up": {"uv": [3, 2, 4, 3], "texture": "#0"},
				"down": {"uv": [3, 6, 4, 7], "texture": "#0"}
			}
		},
		{
			"name": "resistencia_3",
			"from": [9, 0, 0],
			"to": [10, 14, 1],
			"faces": {
				"north": {"uv": [10, 2, 9, 16], "texture": "#0"},
				"east": {"uv": [9, 2, 10, 16], "texture": "#0"},
				"south": {"uv": [9, 2, 10, 16], "texture": "#0"},
				"west": {"uv": [9, 2, 10, 16], "texture": "#0"},
				"up": {"uv": [9, 2, 10, 3], "texture": "#0"},
				"down": {"uv": [9, 15, 10, 16], "texture": "#0"}
			}
		},
		{
			"name": "resistencia_4",
			"from": [13, 2, 0],
			"to": [14, 14, 1],
			"faces": {
				"north": {"uv": [14, 2, 13, 14], "texture": "#0"},
				"east": {"uv": [13, 2, 14, 14], "texture": "#0"},
				"south": {"uv": [13, 2, 14, 14], "texture": "#0"},
				"west": {"uv": [13, 2, 14, 14], "texture": "#0"},
				"up": {"uv": [13, 2, 14, 3], "texture": "#0"},
				"down": {"uv": [13, 13, 14, 14], "texture": "#0"}
			}
		},
		{
			"name": "resistencia_5",
			"from": [2, 3, 0],
			"to": [3, 13, 1],
			"faces": {
				"north": {"uv": [3, 3, 2, 13], "texture": "#0"},
				"east": {"uv": [2, 3, 3, 13], "texture": "#0"},
				"south": {"uv": [2, 3, 3, 13], "texture": "#0"},
				"west": {"uv": [2, 3, 3, 13], "texture": "#0"},
				"up": {"uv": [2, 3, 3, 4], "texture": "#0"},
				"down": {"uv": [2, 12, 3, 13], "texture": "#0"}
			}
		},
		{
			"name": "resistencia_6",
			"from": [1, 4, 0],
			"to": [2, 12, 1],
			"faces": {
				"north": {"uv": [2, 4, 1, 12], "texture": "#0"},
				"east": {"uv": [1, 4, 2, 12], "texture": "#0"},
				"south": {"uv": [1, 4, 2, 12], "texture": "#0"},
				"west": {"uv": [1, 4, 2, 12], "texture": "#0"},
				"up": {"uv": [1, 4, 2, 5], "texture": "#0"},
				"down": {"uv": [1, 11, 2, 12], "texture": "#0"}
			}
		},
		{
			"name": "resistencia_7",
			"from": [0, 6, 0],
			"to": [1, 10, 1],
			"faces": {
				"north": {"uv": [1, 6, 0, 10], "texture": "#0"},
				"east": {"uv": [0, 6, 1, 10], "texture": "#0"},
				"south": {"uv": [0, 6, 1, 10], "texture": "#0"},
				"west": {"uv": [0, 6, 1, 10], "texture": "#0"},
				"up": {"uv": [0, 6, 1, 7], "texture": "#0"},
				"down": {"uv": [0, 9, 1, 10], "texture": "#0"}
			}
		},
		{
			"name": "resistencia_8",
			"from": [5, 7, 0],
			"to": [9, 9, 1],
			"faces": {
				"north": {"uv": [9, 7, 5, 9], "texture": "#0"},
				"east": {"uv": [8, 7, 9, 9], "texture": "#0"},
				"south": {"uv": [5, 7, 9, 9], "texture": "#0"},
				"west": {"uv": [5, 7, 6, 9], "texture": "#0"},
				"up": {"uv": [5, 7, 9, 8], "texture": "#0"},
				"down": {"uv": [5, 8, 9, 9], "texture": "#0"}
			}
		},
		{
			"name": "resistencia_9",
			"from": [14, 4, 0],
			"to": [15, 9, 1],
			"faces": {
				"north": {"uv": [15, 7, 14, 12], "texture": "#0"},
				"east": {"uv": [14, 7, 15, 12], "texture": "#0"},
				"south": {"uv": [14, 7, 15, 12], "texture": "#0"},
				"west": {"uv": [14, 7, 15, 12], "texture": "#0"},
				"up": {"uv": [14, 7, 15, 8], "texture": "#0"},
				"down": {"uv": [14, 11, 15, 12], "texture": "#0"}
			}
		},
		{
			"name": "resistencia_10",
			"from": [6, 6, 0],
			"to": [9, 7, 1],
			"faces": {
				"north": {"uv": [9, 9, 6, 10], "texture": "#0"},
				"east": {"uv": [8, 9, 9, 10], "texture": "#0"},
				"south": {"uv": [6, 9, 9, 10], "texture": "#0"},
				"west": {"uv": [6, 9, 7, 10], "texture": "#0"},
				"up": {"uv": [6, 9, 9, 10], "texture": "#0"},
				"down": {"uv": [6, 9, 9, 10], "texture": "#0"}
			}
		},
		{
			"name": "resistencia_11",
			"from": [3, 2, 0],
			"to": [4, 6, 1],
			"faces": {
				"north": {"uv": [4, 10, 3, 14], "texture": "#0"},
				"east": {"uv": [3, 10, 4, 14], "texture": "#0"},
				"south": {"uv": [3, 10, 4, 14], "texture": "#0"},
				"west": {"uv": [3, 10, 4, 14], "texture": "#0"},
				"up": {"uv": [3, 10, 4, 11], "texture": "#0"},
				"down": {"uv": [3, 13, 4, 14], "texture": "#0"}
			}
		},
		{
			"name": "resistencia_12",
			"from": [7, 5, 0],
			"to": [9, 6, 1],
			"faces": {
				"north": {"uv": [9, 10, 7, 11], "texture": "#0"},
				"east": {"uv": [8, 10, 9, 11], "texture": "#0"},
				"south": {"uv": [7, 10, 9, 11], "texture": "#0"},
				"west": {"uv": [7, 10, 8, 11], "texture": "#0"},
				"up": {"uv": [7, 10, 9, 11], "texture": "#0"},
				"down": {"uv": [7, 10, 9, 11], "texture": "#0"}
			}
		},
		{
			"name": "resistencia_13",
			"from": [4, 1, 0],
			"to": [5, 5, 1],
			"faces": {
				"north": {"uv": [5, 11, 4, 15], "texture": "#0"},
				"east": {"uv": [4, 11, 5, 15], "texture": "#0"},
				"south": {"uv": [4, 11, 5, 15], "texture": "#0"},
				"west": {"uv": [4, 11, 5, 15], "texture": "#0"},
				"up": {"uv": [4, 11, 5, 12], "texture": "#0"},
				"down": {"uv": [4, 14, 5, 15], "texture": "#0"}
			}
		},
		{
			"name": "resistencia_14",
			"from": [8, 4, 0],
			"to": [9, 5, 1],
			"faces": {
				"north": {"uv": [9, 11, 8, 12], "texture": "#0"},
				"east": {"uv": [8, 11, 9, 12], "texture": "#0"},
				"south": {"uv": [8, 11, 9, 12], "texture": "#0"},
				"west": {"uv": [8, 11, 9, 12], "texture": "#0"},
				"up": {"uv": [8, 11, 9, 12], "texture": "#0"},
				"down": {"uv": [8, 11, 9, 12], "texture": "#0"}
			}
		},
		{
			"name": "resistencia_15",
			"from": [5, 1, 0],
			"to": [6, 4, 1],
			"faces": {
				"north": {"uv": [6, 12, 5, 15], "texture": "#0"},
				"east": {"uv": [5, 12, 6, 15], "texture": "#0"},
				"south": {"uv": [5, 12, 6, 15], "texture": "#0"},
				"west": {"uv": [5, 12, 6, 15], "texture": "#0"},
				"up": {"uv": [5, 12, 6, 13], "texture": "#0"},
				"down": {"uv": [5, 14, 6, 15], "texture": "#0"}
			}
		},
		{
			"name": "resistencia_16",
			"from": [6, 0, 0],
			"to": [9, 3, 1],
			"faces": {
				"north": {"uv": [9, 13, 6, 16], "texture": "#0"},
				"east": {"uv": [8, 13, 9, 16], "texture": "#0"},
				"south": {"uv": [6, 13, 9, 16], "texture": "#0"},
				"west": {"uv": [6, 13, 7, 16], "texture": "#0"},
				"up": {"uv": [6, 13, 9, 14], "texture": "#0"},
				"down": {"uv": [6, 15, 9, 16], "texture": "#0"}
			}
		},
		{
			"name": "resistencia_17",
			"from": [10, 0, 0],
			"to": [12, 1, 1],
			"faces": {
				"north": {"uv": [12, 15, 10, 16], "texture": "#0"},
				"east": {"uv": [11, 15, 12, 16], "texture": "#0"},
				"south": {"uv": [10, 15, 12, 16], "texture": "#0"},
				"west": {"uv": [10, 15, 11, 16], "texture": "#0"},
				"up": {"uv": [10, 15, 12, 16], "texture": "#0"},
				"down": {"uv": [10, 15, 12, 16], "texture": "#0"}
			}
		}
	],
	"gui_light": "front",
	"display": {
		"thirdperson_righthand": {
			"rotation": [75, 45, 0],
			"translation": [1.75, -0.75, 2],
			"scale": [0.25, 0.25, 0.25]
		},
		"thirdperson_lefthand": {
			"rotation": [75, 45, 0],
			"translation": [1.75, -0.75, 2],
			"scale": [0.25, 0.25, 0.25]
		},
		"firstperson_righthand": {
			"rotation": [-45, -90, 0],
			"translation": [-1, 3.25, 1],
			"scale": [0.6, 0.6, 0.6]
		},
		"firstperson_lefthand": {
			"rotation": [24, -90, 0],
			"translation": [-1, 3.25, 1],
			"scale": [0.6, 0.6, 0.6]
		},
		"ground": {
			"translation": [0, 2, 0],
			"scale": [0.5, 0.5, 0.5]
		},
		"gui": {
			"translation": [0.5, 0.5, 0]
		},
		"fixed": {
			"translation": [0.75, 0, 7.5]
		}
	},
	"groups": [
		{
			"name": "resistencia",
			"origin": [8, 8, 8],
			"color": 0,
			"boneType": "",
			"children": [0, 1, 2, 3, 4, 5, 6, 7, 8, 9, 10, 11, 12, 13, 14, 15, 16, 17]
		}
	]
}